Genome_ID	sys_id	type	subtype	activity	sys_beg	sys_end	protein_in_syst	genes_count	name_of_profiles_in_sys
NZ_CP040105.1.fasta	NZ_CP040105.1_NARP1_1	NADP	NARP1	Antidefense	NZ_CP040105.1_13	NZ_CP040105.1_14	NZ_CP040105.1_13,NZ_CP040105.1_14	2	narp1_adps,narp1_namat
NZ_CP140420.1.fasta	NZ_CP140420.1_NARP1_2	NADP	NARP1	Antidefense	NZ_CP140420.1_2118	NZ_CP140420.1_2119	NZ_CP140420.1_2118,NZ_CP140420.1_2119	2	narp1_adps,narp1_namat
NZ_CP140420.1.fasta	NZ_CP140420.1_tad1_3	Anti_Thoeris	tad1	Antidefense	NZ_CP140420.1_2429	NZ_CP140420.1_2429	NZ_CP140420.1_2429	1	tad1
NZ_CP140420.1.fasta	NZ_CP140420.1_Adnd_p0020_p0021_1	Anti_Dnd	Adnd_p0020_p0021	Antidefense	NZ_CP140420.1_2447	NZ_CP140420.1_2447	NZ_CP140420.1_2447	1	adnd_p0020
NZ_CP059081.1.fasta	NZ_CP059081.1_Adnd_p0020_p0021_1	Anti_Dnd	Adnd_p0020_p0021	Antidefense	NZ_CP059081.1_1218	NZ_CP059081.1_1218	NZ_CP059081.1_1218	1	adnd_p0020
NZ_CP017938.1.fasta	NZ_CP017938.1_NARP1_1	NADP	NARP1	Antidefense	NZ_CP017938.1_2745	NZ_CP017938.1_2746	NZ_CP017938.1_2745,NZ_CP017938.1_2746	2	narp1_adps,narp1_namat
NZ_CP021428.1.fasta	NZ_CP021428.1_tad1_3	Anti_Thoeris	tad1	Antidefense	NZ_CP021428.1_102	NZ_CP021428.1_102	NZ_CP021428.1_102	1	tad1
NZ_CP021428.1.fasta	NZ_CP021428.1_tad1_4	Anti_Thoeris	tad1	Antidefense	NZ_CP021428.1_2360	NZ_CP021428.1_2360	NZ_CP021428.1_2360	1	tad1
NZ_CP021428.1.fasta	NZ_CP021428.1_NARP1_2	NADP	NARP1	Antidefense	NZ_CP021428.1_3114	NZ_CP021428.1_3115	NZ_CP021428.1_3114,NZ_CP021428.1_3115	2	narp1_adps,narp1_namat
NZ_CP021428.1.fasta	NZ_CP021428.1_tad1_5	Anti_Thoeris	tad1	Antidefense	NZ_CP021428.1_3388	NZ_CP021428.1_3388	NZ_CP021428.1_3388	1	tad1
NZ_CP021428.1.fasta	NZ_CP021428.1_Adnd_p0020_p0021_1	Anti_Dnd	Adnd_p0020_p0021	Antidefense	NZ_CP021428.1_3424	NZ_CP021428.1_3424	NZ_CP021428.1_3424	1	adnd_p0020
NZ_CP078524.1.fasta	NZ_CP078524.1_NARP1_1	NADP	NARP1	Antidefense	NZ_CP078524.1_1584	NZ_CP078524.1_1585	NZ_CP078524.1_1584,NZ_CP078524.1_1585	2	narp1_adps,narp1_namat
NZ_CP139266.1.fasta	NZ_CP139266.1_tad1_3	Anti_Thoeris	tad1	Antidefense	NZ_CP139266.1_516	NZ_CP139266.1_516	NZ_CP139266.1_516	1	tad1
NZ_CP139266.1.fasta	NZ_CP139266.1_Adnd_p0020_p0021_1	Anti_Dnd	Adnd_p0020_p0021	Antidefense	NZ_CP139266.1_534	NZ_CP139266.1_534	NZ_CP139266.1_534	1	adnd_p0020
NZ_CP139266.1.fasta	NZ_CP139266.1_NARP1_2	NADP	NARP1	Antidefense	NZ_CP139266.1_3261	NZ_CP139266.1_3262	NZ_CP139266.1_3261,NZ_CP139266.1_3262	2	narp1_adps,narp1_namat
NZ_CP018254.1.fasta	NZ_CP018254.1_Adnd_p0020_p0021_1	Anti_Dnd	Adnd_p0020_p0021	Antidefense	NZ_CP018254.1_995	NZ_CP018254.1_995	NZ_CP018254.1_995	1	adnd_p0020
NZ_CP018254.1.fasta	NZ_CP018254.1_NARP1_2	NADP	NARP1	Antidefense	NZ_CP018254.1_1979	NZ_CP018254.1_1980	NZ_CP018254.1_1979,NZ_CP018254.1_1980	2	narp1_adps,narp1_namat
NZ_CP059078.1.fasta	NZ_CP059078.1_acb2_2	Anti_CBASS	acb2	Antidefense	NZ_CP059078.1_825	NZ_CP059078.1_825	NZ_CP059078.1_825	1	acb2
NZ_CP059078.1.fasta	NZ_CP059078.1_NARP1_1	NADP	NARP1	Antidefense	NZ_CP059078.1_1915	NZ_CP059078.1_1916	NZ_CP059078.1_1915,NZ_CP059078.1_1916	2	narp1_adps,narp1_namat
NZ_CP059078.1.fasta	NZ_CP059078.1_tad1_3	Anti_Thoeris	tad1	Antidefense	NZ_CP059078.1_2203	NZ_CP059078.1_2203	NZ_CP059078.1_2203	1	tad1
NZ_CP046654.1.fasta	NZ_CP046654.1_NARP1_1	NADP	NARP1	Antidefense	NZ_CP046654.1_3262	NZ_CP046654.1_3263	NZ_CP046654.1_3262,NZ_CP046654.1_3263	2	narp1_adps,narp1_namat
NZ_AP021936.1.fasta	NZ_AP021936.1_NARP1_2	NADP	NARP1	Antidefense	NZ_AP021936.1_1766	NZ_AP021936.1_1767	NZ_AP021936.1_1766,NZ_AP021936.1_1767	2	narp1_adps,narp1_namat
NZ_AP021936.1.fasta	NZ_AP021936.1_tad1_3	Anti_Thoeris	tad1	Antidefense	NZ_AP021936.1_2840	NZ_AP021936.1_2840	NZ_AP021936.1_2840	1	tad1
NZ_AP021936.1.fasta	NZ_AP021936.1_Adnd_p0020_p0021_1	Anti_Dnd	Adnd_p0020_p0021	Antidefense	NZ_AP021936.1_2858	NZ_AP021936.1_2858	NZ_AP021936.1_2858	1	adnd_p0020
NZ_CP014528.1.fasta	NZ_CP014528.1_Adnd_p0020_p0021_1	Anti_Dnd	Adnd_p0020_p0021	Antidefense	NZ_CP014528.1_916	NZ_CP014528.1_916	NZ_CP014528.1_916	1	adnd_p0020
NZ_CP014528.1.fasta	NZ_CP014528.1_tad1_3	Anti_Thoeris	tad1	Antidefense	NZ_CP014528.1_934	NZ_CP014528.1_934	NZ_CP014528.1_934	1	tad1
NZ_CP014528.1.fasta	NZ_CP014528.1_NARP1_2	NADP	NARP1	Antidefense	NZ_CP014528.1_2054	NZ_CP014528.1_2055	NZ_CP014528.1_2054,NZ_CP014528.1_2055	2	narp1_adps,narp1_namat
NZ_CP076812.1.fasta	NZ_CP076812.1_tad1_4	Anti_Thoeris	tad1	Antidefense	NZ_CP076812.1_12	NZ_CP076812.1_12	NZ_CP076812.1_12	1	tad1
NZ_CP076812.1.fasta	NZ_CP076812.1_NARP1_3	NADP	NARP1	Antidefense	NZ_CP076812.1_1199	NZ_CP076812.1_1200	NZ_CP076812.1_1199,NZ_CP076812.1_1200	2	narp1_adps,narp1_namat
NZ_CP076812.1.fasta	NZ_CP076812.1_tad1_5	Anti_Thoeris	tad1	Antidefense	NZ_CP076812.1_1524	NZ_CP076812.1_1524	NZ_CP076812.1_1524	1	tad1
NZ_CP076812.1.fasta	NZ_CP076812.1_Adnd_p0020_p0021_1	Anti_Dnd	Adnd_p0020_p0021	Antidefense	NZ_CP076812.1_1544	NZ_CP076812.1_1544	NZ_CP076812.1_1544	1	adnd_p0020
NZ_CP076812.1.fasta	NZ_CP076812.1_Adnd_p0020_p0021_2	Anti_Dnd	Adnd_p0020_p0021	Antidefense	NZ_CP076812.1_4029	NZ_CP076812.1_4029	NZ_CP076812.1_4029	1	adnd_p0020
NZ_CP009257.1.fasta	NZ_CP009257.1_tad1_3	Anti_Thoeris	tad1	Antidefense	NZ_CP009257.1_266	NZ_CP009257.1_266	NZ_CP009257.1_266	1	tad1
NZ_CP009257.1.fasta	NZ_CP009257.1_Adnd_p0020_p0021_1	Anti_Dnd	Adnd_p0020_p0021	Antidefense	NZ_CP009257.1_282	NZ_CP009257.1_282	NZ_CP009257.1_282	1	adnd_p0020
NZ_CP009257.1.fasta	NZ_CP009257.1_tad2_acriia7_4	Anti_Thoeris	tad2_acriia7	Antidefense	NZ_CP009257.1_966	NZ_CP009257.1_966	NZ_CP009257.1_966	1	acriia7
NZ_CP009257.1.fasta	NZ_CP009257.1_tad2_acriia7_5	Anti_Thoeris	tad2_acriia7	Antidefense	NZ_CP009257.1_1627	NZ_CP009257.1_1627	NZ_CP009257.1_1627	1	acriia7
NZ_CP009257.1.fasta	NZ_CP009257.1_NARP1_2	NADP	NARP1	Antidefense	NZ_CP009257.1_3936	NZ_CP009257.1_3937	NZ_CP009257.1_3936,NZ_CP009257.1_3937	2	narp1_adps,narp1_namat
NZ_CP049806.1.fasta	NZ_CP049806.1_tad1_2	Anti_Thoeris	tad1	Antidefense	NZ_CP049806.1_1461	NZ_CP049806.1_1461	NZ_CP049806.1_1461	1	tad1
NZ_CP049806.1.fasta	NZ_CP049806.1_NARP1_1	NADP	NARP1	Antidefense	NZ_CP049806.1_1809	NZ_CP049806.1_1810	NZ_CP049806.1_1809,NZ_CP049806.1_1810	2	narp1_adps,narp1_namat
NZ_CP125227.1.fasta	NZ_CP125227.1_NARP1_1	NADP	NARP1	Antidefense	NZ_CP125227.1_2366	NZ_CP125227.1_2367	NZ_CP125227.1_2366,NZ_CP125227.1_2367	2	narp1_adps,narp1_namat
NZ_CP059040.1.fasta	NZ_CP059040.1_NARP1_1	NADP	NARP1	Antidefense	NZ_CP059040.1_1644	NZ_CP059040.1_1645	NZ_CP059040.1_1644,NZ_CP059040.1_1645	2	narp1_adps,narp1_namat
NZ_CP139286.1.fasta	NZ_CP139286.1_NARP1_1	NADP	NARP1	Antidefense	NZ_CP139286.1_1536	NZ_CP139286.1_1537	NZ_CP139286.1_1536,NZ_CP139286.1_1537	2	narp1_adps,narp1_namat
NZ_CP091367.1.fasta	NZ_CP091367.1_Adnd_p0020_p0021_1	Anti_Dnd	Adnd_p0020_p0021	Antidefense	NZ_CP091367.1_200	NZ_CP091367.1_200	NZ_CP091367.1_200	1	adnd_p0020
NZ_CP091367.1.fasta	NZ_CP091367.1_tad1_3	Anti_Thoeris	tad1	Antidefense	NZ_CP091367.1_218	NZ_CP091367.1_218	NZ_CP091367.1_218	1	tad1
NZ_CP091367.1.fasta	NZ_CP091367.1_NARP1_2	NADP	NARP1	Antidefense	NZ_CP091367.1_1041	NZ_CP091367.1_1042	NZ_CP091367.1_1041,NZ_CP091367.1_1042	2	narp1_adps,narp1_namat
NZ_CP069586.1.fasta	NZ_CP069586.1_NARP1_1	NADP	NARP1	Antidefense	NZ_CP069586.1_2757	NZ_CP069586.1_2758	NZ_CP069586.1_2757,NZ_CP069586.1_2758	2	narp1_adps,narp1_namat
NZ_CP139275.1.fasta	NZ_CP139275.1_NARP1_1	NADP	NARP1	Antidefense	NZ_CP139275.1_1727	NZ_CP139275.1_1728	NZ_CP139275.1_1727,NZ_CP139275.1_1728	2	narp1_adps,narp1_namat
NZ_CP029610.1.fasta	NZ_CP029610.1_acb2_2	Anti_CBASS	acb2	Antidefense	NZ_CP029610.1_876	NZ_CP029610.1_876	NZ_CP029610.1_876	1	acb2
NZ_CP029610.1.fasta	NZ_CP029610.1_tad1_3	Anti_Thoeris	tad1	Antidefense	NZ_CP029610.1_1598	NZ_CP029610.1_1598	NZ_CP029610.1_1598	1	tad1
NZ_CP029610.1.fasta	NZ_CP029610.1_NARP1_1	NADP	NARP1	Antidefense	NZ_CP029610.1_1919	NZ_CP029610.1_1920	NZ_CP029610.1_1919,NZ_CP029610.1_1920	2	narp1_adps,narp1_namat
NZ_CP029610.1.fasta	NZ_CP029610.1_tad1_4	Anti_Thoeris	tad1	Antidefense	NZ_CP029610.1_2680	NZ_CP029610.1_2680	NZ_CP029610.1_2680	1	tad1
NZ_CP066124.1.fasta	NZ_CP066124.1_Adnd_p0020_p0021_1	Anti_Dnd	Adnd_p0020_p0021	Antidefense	NZ_CP066124.1_1527	NZ_CP066124.1_1527	NZ_CP066124.1_1527	1	adnd_p0020
NZ_CP066124.1.fasta	NZ_CP066124.1_tad1_3	Anti_Thoeris	tad1	Antidefense	NZ_CP066124.1_1551	NZ_CP066124.1_1551	NZ_CP066124.1_1551	1	tad1
NZ_CP066124.1.fasta	NZ_CP066124.1_NARP1_2	NADP	NARP1	Antidefense	NZ_CP066124.1_1795	NZ_CP066124.1_1796	NZ_CP066124.1_1795,NZ_CP066124.1_1796	2	narp1_adps,narp1_namat
NZ_CP050385.1.fasta	NZ_CP050385.1_acb2_2	Anti_CBASS	acb2	Antidefense	NZ_CP050385.1_56	NZ_CP050385.1_56	NZ_CP050385.1_56	1	acb2
NZ_CP050385.1.fasta	NZ_CP050385.1_NARP1_1	NADP	NARP1	Antidefense	NZ_CP050385.1_1599	NZ_CP050385.1_1600	NZ_CP050385.1_1599,NZ_CP050385.1_1600	2	narp1_adps,narp1_namat
NZ_CP123918.1.fasta	NZ_CP123918.1_NARP1_2	NADP	NARP1	Antidefense	NZ_CP123918.1_912	NZ_CP123918.1_913	NZ_CP123918.1_912,NZ_CP123918.1_913	2	narp1_adps,narp1_namat
NZ_CP123918.1.fasta	NZ_CP123918.1_Adnd_p0020_p0021_1	Anti_Dnd	Adnd_p0020_p0021	Antidefense	NZ_CP123918.1_1289	NZ_CP123918.1_1289	NZ_CP123918.1_1289	1	adnd_p0020
NZ_CP095407.1.fasta	NZ_CP095407.1_acb2_2	Anti_CBASS	acb2	Antidefense	NZ_CP095407.1_876	NZ_CP095407.1_876	NZ_CP095407.1_876	1	acb2
NZ_CP095407.1.fasta	NZ_CP095407.1_tad1_3	Anti_Thoeris	tad1	Antidefense	NZ_CP095407.1_1194	NZ_CP095407.1_1194	NZ_CP095407.1_1194	1	tad1
NZ_CP095407.1.fasta	NZ_CP095407.1_tad1_4	Anti_Thoeris	tad1	Antidefense	NZ_CP095407.1_1677	NZ_CP095407.1_1677	NZ_CP095407.1_1677	1	tad1
NZ_CP095407.1.fasta	NZ_CP095407.1_NARP1_1	NADP	NARP1	Antidefense	NZ_CP095407.1_2004	NZ_CP095407.1_2005	NZ_CP095407.1_2004,NZ_CP095407.1_2005	2	narp1_adps,narp1_namat
NZ_CP068253.1.fasta	NZ_CP068253.1_NARP1_1	NADP	NARP1	Antidefense	NZ_CP068253.1_738	NZ_CP068253.1_739	NZ_CP068253.1_738,NZ_CP068253.1_739	2	narp1_adps,narp1_namat
2759_TCDC_AB0715.fasta	NC_017387.1_Adnd_p0020_p0021_1	Anti_Dnd	Adnd_p0020_p0021	Antidefense	NC_017387.1_932	NC_017387.1_932	NC_017387.1_932	1	adnd_p0020
2759_TCDC_AB0715.fasta	NC_017387.1_tad1_4	Anti_Thoeris	tad1	Antidefense	NC_017387.1_955	NC_017387.1_955	NC_017387.1_955	1	tad1
2759_TCDC_AB0715.fasta	NC_017387.1_NARP1_3	NADP	NARP1	Antidefense	NC_017387.1_2137	NC_017387.1_2138	NC_017387.1_2137,NC_017387.1_2138	2	narp1_adps,narp1_namat
2759_TCDC_AB0715.fasta	NC_017387.1_tad1_5	Anti_Thoeris	tad1	Antidefense	NC_017387.1_2455	NC_017387.1_2455	NC_017387.1_2455	1	tad1
2759_TCDC_AB0715.fasta	NC_017387.1_Adnd_p0020_p0021_2	Anti_Dnd	Adnd_p0020_p0021	Antidefense	NC_017387.1_2478	NC_017387.1_2478	NC_017387.1_2478	1	adnd_p0020
NZ_CP070518.1.fasta	NZ_CP070518.1_NARP1_1	NADP	NARP1	Antidefense	NZ_CP070518.1_3471	NZ_CP070518.1_3472	NZ_CP070518.1_3471,NZ_CP070518.1_3472	2	narp1_adps,narp1_namat
NZ_CP045110.1.fasta	NZ_CP045110.1_NARP1_1	NADP	NARP1	Antidefense	NZ_CP045110.1_2076	NZ_CP045110.1_2077	NZ_CP045110.1_2076,NZ_CP045110.1_2077	2	narp1_adps,narp1_namat
NZ_CP077205.1.fasta	NZ_CP077205.1_NARP1_1	NADP	NARP1	Antidefense	NZ_CP077205.1_2290	NZ_CP077205.1_2291	NZ_CP077205.1_2290,NZ_CP077205.1_2291	2	narp1_adps,narp1_namat
NZ_CP066119.1.fasta	NZ_CP066119.1_NARP1_2	NADP	NARP1	Antidefense	NZ_CP066119.1_924	NZ_CP066119.1_925	NZ_CP066119.1_924,NZ_CP066119.1_925	2	narp1_adps,narp1_namat
NZ_CP066119.1.fasta	NZ_CP066119.1_Adnd_p0020_p0021_1	Anti_Dnd	Adnd_p0020_p0021	Antidefense	NZ_CP066119.1_1354	NZ_CP066119.1_1354	NZ_CP066119.1_1354	1	adnd_p0020
NZ_CP018909.1.fasta	NZ_CP018909.1_tad1_2	Anti_Thoeris	tad1	Antidefense	NZ_CP018909.1_569	NZ_CP018909.1_569	NZ_CP018909.1_569	1	tad1
NZ_CP018909.1.fasta	NZ_CP018909.1_NARP1_1	NADP	NARP1	Antidefense	NZ_CP018909.1_875	NZ_CP018909.1_876	NZ_CP018909.1_875,NZ_CP018909.1_876	2	narp1_adps,narp1_namat
NZ_CP040259.1.fasta	NZ_CP040259.1_acb2_2	Anti_CBASS	acb2	Antidefense	NZ_CP040259.1_1517	NZ_CP040259.1_1517	NZ_CP040259.1_1517	1	acb2
NZ_CP040259.1.fasta	NZ_CP040259.1_NARP1_1	NADP	NARP1	Antidefense	NZ_CP040259.1_3022	NZ_CP040259.1_3023	NZ_CP040259.1_3022,NZ_CP040259.1_3023	2	narp1_adps,narp1_namat
NZ_CP139944.1.fasta	NZ_CP139944.1_NARP1_1	NADP	NARP1	Antidefense	NZ_CP139944.1_2707	NZ_CP139944.1_2708	NZ_CP139944.1_2707,NZ_CP139944.1_2708	2	narp1_adps,narp1_namat
NZ_CP023020.1.fasta	NZ_CP023020.1_Adnd_p0020_p0021_1	Anti_Dnd	Adnd_p0020_p0021	Antidefense	NZ_CP023020.1_214	NZ_CP023020.1_214	NZ_CP023020.1_214	1	adnd_p0020
NZ_CP023020.1.fasta	NZ_CP023020.1_tad1_3	Anti_Thoeris	tad1	Antidefense	NZ_CP023020.1_239	NZ_CP023020.1_239	NZ_CP023020.1_239	1	tad1
NZ_CP023020.1.fasta	NZ_CP023020.1_NARP1_2	NADP	NARP1	Antidefense	NZ_CP023020.1_644	NZ_CP023020.1_645	NZ_CP023020.1_644,NZ_CP023020.1_645	2	narp1_adps,narp1_namat
NZ_CP060732.1.fasta	NZ_CP060732.1_Adnd_p0020_p0021_1	Anti_Dnd	Adnd_p0020_p0021	Antidefense	NZ_CP060732.1_874	NZ_CP060732.1_874	NZ_CP060732.1_874	1	adnd_p0020
NZ_CP060732.1.fasta	NZ_CP060732.1_tad1_3	Anti_Thoeris	tad1	Antidefense	NZ_CP060732.1_892	NZ_CP060732.1_892	NZ_CP060732.1_892	1	tad1
NZ_CP060732.1.fasta	NZ_CP060732.1_NARP1_2	NADP	NARP1	Antidefense	NZ_CP060732.1_2336	NZ_CP060732.1_2337	NZ_CP060732.1_2336,NZ_CP060732.1_2337	2	narp1_adps,narp1_namat
NZ_CP045645.1.fasta	NZ_CP045645.1_Adnd_p0020_p0021_1	Anti_Dnd	Adnd_p0020_p0021	Antidefense	NZ_CP045645.1_914	NZ_CP045645.1_914	NZ_CP045645.1_914	1	adnd_p0020
NZ_CP045645.1.fasta	NZ_CP045645.1_tad1_3	Anti_Thoeris	tad1	Antidefense	NZ_CP045645.1_932	NZ_CP045645.1_932	NZ_CP045645.1_932	1	tad1
NZ_CP045645.1.fasta	NZ_CP045645.1_NARP1_2	NADP	NARP1	Antidefense	NZ_CP045645.1_2017	NZ_CP045645.1_2018	NZ_CP045645.1_2017,NZ_CP045645.1_2018	2	narp1_adps,narp1_namat
NZ_CP045645.1.fasta	NZ_CP045645.1_tad1_4	Anti_Thoeris	tad1	Antidefense	NZ_CP045645.1_2369	NZ_CP045645.1_2369	NZ_CP045645.1_2369	1	tad1
NZ_CP154856.1.fasta	NZ_CP154856.1_NARP1_1	NADP	NARP1	Antidefense	NZ_CP154856.1_692	NZ_CP154856.1_693	NZ_CP154856.1_692,NZ_CP154856.1_693	2	narp1_adps,narp1_namat
NZ_CP019041.1.fasta	NZ_CP019041.1_NARP1_1	NADP	NARP1	Antidefense	NZ_CP019041.1_984	NZ_CP019041.1_985	NZ_CP019041.1_984,NZ_CP019041.1_985	2	narp1_adps,narp1_namat
NZ_CP058289.1.fasta	NZ_CP058289.1_NARP1_1	NADP	NARP1	Antidefense	NZ_CP058289.1_1449	NZ_CP058289.1_1450	NZ_CP058289.1_1449,NZ_CP058289.1_1450	2	narp1_adps,narp1_namat
NZ_CP139270.1.fasta	NZ_CP139270.1_NARP1_1	NADP	NARP1	Antidefense	NZ_CP139270.1_1878	NZ_CP139270.1_1879	NZ_CP139270.1_1878,NZ_CP139270.1_1879	2	narp1_adps,narp1_namat
NZ_CP022283.1.fasta	NZ_CP022283.1_Adnd_p0020_p0021_1	Anti_Dnd	Adnd_p0020_p0021	Antidefense	NZ_CP022283.1_1923	NZ_CP022283.1_1923	NZ_CP022283.1_1923	1	adnd_p0020
NZ_CP022283.1.fasta	NZ_CP022283.1_tad1_4	Anti_Thoeris	tad1	Antidefense	NZ_CP022283.1_1946	NZ_CP022283.1_1946	NZ_CP022283.1_1946	1	tad1
NZ_CP022283.1.fasta	NZ_CP022283.1_NARP1_3	NADP	NARP1	Antidefense	NZ_CP022283.1_2199	NZ_CP022283.1_2200	NZ_CP022283.1_2199,NZ_CP022283.1_2200	2	narp1_adps,narp1_namat
NZ_CP022283.1.fasta	NZ_CP022283.1_tad1_5	Anti_Thoeris	tad1	Antidefense	NZ_CP022283.1_3298	NZ_CP022283.1_3298	NZ_CP022283.1_3298	1	tad1
NZ_CP022283.1.fasta	NZ_CP022283.1_Adnd_p0020_p0021_2	Anti_Dnd	Adnd_p0020_p0021	Antidefense	NZ_CP022283.1_3319	NZ_CP022283.1_3319	NZ_CP022283.1_3319	1	adnd_p0020
NZ_LS999521.1.fasta	NZ_LS999521.1_Adnd_p0020_p0021_1	Anti_Dnd	Adnd_p0020_p0021	Antidefense	NZ_LS999521.1_1450	NZ_LS999521.1_1450	NZ_LS999521.1_1450	1	adnd_p0020
NZ_LS999521.1.fasta	NZ_LS999521.1_tad1_3	Anti_Thoeris	tad1	Antidefense	NZ_LS999521.1_1492	NZ_LS999521.1_1492	NZ_LS999521.1_1492	1	tad1
NZ_LS999521.1.fasta	NZ_LS999521.1_NARP1_2	NADP	NARP1	Antidefense	NZ_LS999521.1_1751	NZ_LS999521.1_1752	NZ_LS999521.1_1751,NZ_LS999521.1_1752	2	narp1_adps,narp1_namat
NZ_CP033133.1.fasta	NZ_CP033133.1_NARP1_1	NADP	NARP1	Antidefense	NZ_CP033133.1_828	NZ_CP033133.1_829	NZ_CP033133.1_828,NZ_CP033133.1_829	2	narp1_adps,narp1_namat
NZ_CP033133.1.fasta	NZ_CP033133.1_tad1_3	Anti_Thoeris	tad1	Antidefense	NZ_CP033133.1_1609	NZ_CP033133.1_1609	NZ_CP033133.1_1609	1	tad1
NZ_CP033133.1.fasta	NZ_CP033133.1_acb2_2	Anti_CBASS	acb2	Antidefense	NZ_CP033133.1_2447	NZ_CP033133.1_2447	NZ_CP033133.1_2447	1	acb2
NZ_CP014019.1.fasta	NZ_CP014019.1_NARP1_1	NADP	NARP1	Antidefense	NZ_CP014019.1_1424	NZ_CP014019.1_1425	NZ_CP014019.1_1424,NZ_CP014019.1_1425	2	narp1_adps,narp1_namat
NZ_CP059558.1.fasta	NZ_CP059558.1_NARP1_1	NADP	NARP1	Antidefense	NZ_CP059558.1_639	NZ_CP059558.1_640	NZ_CP059558.1_639,NZ_CP059558.1_640	2	narp1_adps,narp1_namat
NZ_CP048849.1.fasta	NZ_CP048849.1_NARP1_1	NADP	NARP1	Antidefense	NZ_CP048849.1_2026	NZ_CP048849.1_2027	NZ_CP048849.1_2026,NZ_CP048849.1_2027	2	narp1_adps,narp1_namat
NZ_CP020000.1.fasta	NZ_CP020000.1_NARP1_1	NADP	NARP1	Antidefense	NZ_CP020000.1_1928	NZ_CP020000.1_1929	NZ_CP020000.1_1928,NZ_CP020000.1_1929	2	narp1_adps,narp1_namat
NZ_CP144240.1.fasta	NZ_CP144240.1_Adnd_p0020_p0021_1	Anti_Dnd	Adnd_p0020_p0021	Antidefense	NZ_CP144240.1_918	NZ_CP144240.1_918	NZ_CP144240.1_918	1	adnd_p0020
NZ_CP144240.1.fasta	NZ_CP144240.1_tad1_3	Anti_Thoeris	tad1	Antidefense	NZ_CP144240.1_936	NZ_CP144240.1_936	NZ_CP144240.1_936	1	tad1
NZ_CP144240.1.fasta	NZ_CP144240.1_NARP1_2	NADP	NARP1	Antidefense	NZ_CP144240.1_1855	NZ_CP144240.1_1856	NZ_CP144240.1_1855,NZ_CP144240.1_1856	2	narp1_adps,narp1_namat
NZ_CP139282.1.fasta	NZ_CP139282.1_NARP1_1	NADP	NARP1	Antidefense	NZ_CP139282.1_786	NZ_CP139282.1_787	NZ_CP139282.1_786,NZ_CP139282.1_787	2	narp1_adps,narp1_namat
NZ_CP139282.1.fasta	NZ_CP139282.1_tad1_2	Anti_Thoeris	tad1	Antidefense	NZ_CP139282.1_1520	NZ_CP139282.1_1520	NZ_CP139282.1_1520	1	tad1
NZ_CP088954.1.fasta	NZ_CP088954.1_NARP1_1	NADP	NARP1	Antidefense	NZ_CP088954.1_1709	NZ_CP088954.1_1710	NZ_CP088954.1_1709,NZ_CP088954.1_1710	2	narp1_adps,narp1_namat
NZ_CP090607.1.fasta	NZ_CP090607.1_NARP1_1	NADP	NARP1	Antidefense	NZ_CP090607.1_2269	NZ_CP090607.1_2270	NZ_CP090607.1_2269,NZ_CP090607.1_2270	2	narp1_adps,narp1_namat
NZ_CP091364.1.fasta	NZ_CP091364.1_Adnd_p0020_p0021_1	Anti_Dnd	Adnd_p0020_p0021	Antidefense	NZ_CP091364.1_1766	NZ_CP091364.1_1766	NZ_CP091364.1_1766	1	adnd_p0020
NZ_CP091364.1.fasta	NZ_CP091364.1_tad1_3	Anti_Thoeris	tad1	Antidefense	NZ_CP091364.1_1787	NZ_CP091364.1_1787	NZ_CP091364.1_1787	1	tad1
NZ_CP091364.1.fasta	NZ_CP091364.1_NARP1_2	NADP	NARP1	Antidefense	NZ_CP091364.1_2897	NZ_CP091364.1_2898	NZ_CP091364.1_2897,NZ_CP091364.1_2898	2	narp1_adps,narp1_namat
NZ_CP014477.1.fasta	NZ_CP014477.1_NARP1_1	NADP	NARP1	Antidefense	NZ_CP014477.1_2862	NZ_CP014477.1_2863	NZ_CP014477.1_2862,NZ_CP014477.1_2863	2	narp1_adps,narp1_namat
NZ_CP060029.1.fasta	NZ_CP060029.1_tad1_1	Anti_Thoeris	tad1	Antidefense	NZ_CP060029.1_2739	NZ_CP060029.1_2739	NZ_CP060029.1_2739	1	tad1
NZ_CP072270.1.fasta	NZ_CP072270.1_NARP1_2	NADP	NARP1	Antidefense	NZ_CP072270.1_1835	NZ_CP072270.1_1836	NZ_CP072270.1_1835,NZ_CP072270.1_1836	2	narp1_adps,narp1_namat
NZ_CP072270.1.fasta	NZ_CP072270.1_tad1_3	Anti_Thoeris	tad1	Antidefense	NZ_CP072270.1_2596	NZ_CP072270.1_2596	NZ_CP072270.1_2596	1	tad1
NZ_CP072270.1.fasta	NZ_CP072270.1_Adnd_p0020_p0021_1	Anti_Dnd	Adnd_p0020_p0021	Antidefense	NZ_CP072270.1_2616	NZ_CP072270.1_2616	NZ_CP072270.1_2616	1	adnd_p0020
NZ_CP036171.1.fasta	NZ_CP036171.1_NARP1_1	NADP	NARP1	Antidefense	NZ_CP036171.1_1806	NZ_CP036171.1_1807	NZ_CP036171.1_1806,NZ_CP036171.1_1807	2	narp1_adps,narp1_namat
NZ_CP123912.1.fasta	NZ_CP123912.1_NARP1_2	NADP	NARP1	Antidefense	NZ_CP123912.1_914	NZ_CP123912.1_915	NZ_CP123912.1_914,NZ_CP123912.1_915	2	narp1_adps,narp1_namat
NZ_CP123912.1.fasta	NZ_CP123912.1_Adnd_p0020_p0021_1	Anti_Dnd	Adnd_p0020_p0021	Antidefense	NZ_CP123912.1_1288	NZ_CP123912.1_1288	NZ_CP123912.1_1288	1	adnd_p0020
2758_MDR_ZJ06.fasta	NC_017171.1_Adnd_p0020_p0021_1	Anti_Dnd	Adnd_p0020_p0021	Antidefense	NC_017171.1_928	NC_017171.1_928	NC_017171.1_928	1	adnd_p0020
2758_MDR_ZJ06.fasta	NC_017171.1_tad1_3	Anti_Thoeris	tad1	Antidefense	NC_017171.1_946	NC_017171.1_946	NC_017171.1_946	1	tad1
2758_MDR_ZJ06.fasta	NC_017171.1_NARP1_2	NADP	NARP1	Antidefense	NC_017171.1_2000	NC_017171.1_2001	NC_017171.1_2000,NC_017171.1_2001	2	narp1_adps,narp1_namat
NZ_CP096681.1.fasta	NZ_CP096681.1_Adnd_p0020_p0021_1	Anti_Dnd	Adnd_p0020_p0021	Antidefense	NZ_CP096681.1_699	NZ_CP096681.1_699	NZ_CP096681.1_699	1	adnd_p0020
NZ_CP096681.1.fasta	NZ_CP096681.1_tad1_4	Anti_Thoeris	tad1	Antidefense	NZ_CP096681.1_717	NZ_CP096681.1_717	NZ_CP096681.1_717	1	tad1
NZ_CP096681.1.fasta	NZ_CP096681.1_NARP1_3	NADP	NARP1	Antidefense	NZ_CP096681.1_1669	NZ_CP096681.1_1670	NZ_CP096681.1_1669,NZ_CP096681.1_1670	2	narp1_adps,narp1_namat
NZ_CP096681.1.fasta	NZ_CP096681.1_tad1_5	Anti_Thoeris	tad1	Antidefense	NZ_CP096681.1_2507	NZ_CP096681.1_2507	NZ_CP096681.1_2507	1	tad1
NZ_CP096681.1.fasta	NZ_CP096681.1_Adnd_p0020_p0021_2	Anti_Dnd	Adnd_p0020_p0021	Antidefense	NZ_CP096681.1_2533	NZ_CP096681.1_2533	NZ_CP096681.1_2533	1	adnd_p0020
NZ_CP029351.1.fasta	NZ_CP029351.1_NARP1_1	NADP	NARP1	Antidefense	NZ_CP029351.1_1770	NZ_CP029351.1_1771	NZ_CP029351.1_1770,NZ_CP029351.1_1771	2	narp1_adps,narp1_namat
2761_BJAB07104.fas	NC_021726.1_Adnd_p0020_p0021_1	Anti_Dnd	Adnd_p0020_p0021	Antidefense	NC_021726.1_933	NC_021726.1_933	NC_021726.1_933	1	adnd_p0020
2761_BJAB07104.fas	NC_021726.1_tad1_3	Anti_Thoeris	tad1	Antidefense	NC_021726.1_951	NC_021726.1_951	NC_021726.1_951	1	tad1
2761_BJAB07104.fas	NC_021726.1_NARP1_2	NADP	NARP1	Antidefense	NC_021726.1_1857	NC_021726.1_1858	NC_021726.1_1857,NC_021726.1_1858	2	narp1_adps,narp1_namat
2762_BJAB0868.fas	NC_021729.1_Adnd_p0020_p0021_1	Anti_Dnd	Adnd_p0020_p0021	Antidefense	NC_021729.1_929	NC_021729.1_929	NC_021729.1_929	1	adnd_p0020
2762_BJAB0868.fas	NC_021729.1_tad1_3	Anti_Thoeris	tad1	Antidefense	NC_021729.1_947	NC_021729.1_947	NC_021729.1_947	1	tad1
2762_BJAB0868.fas	NC_021729.1_NARP1_2	NADP	NARP1	Antidefense	NC_021729.1_1967	NC_021729.1_1968	NC_021729.1_1967,NC_021729.1_1968	2	narp1_adps,narp1_namat
NZ_CP118933.1.fasta	NZ_CP118933.1_NARP1_1	NADP	NARP1	Antidefense	NZ_CP118933.1_1869	NZ_CP118933.1_1870	NZ_CP118933.1_1869,NZ_CP118933.1_1870	2	narp1_adps,narp1_namat
2733_AC30.fasta	CP007577.1_NARP1_2	NADP	NARP1	Antidefense	CP007577.1_1500	CP007577.1_1501	CP007577.1_1500,CP007577.1_1501	2	narp1_adps,narp1_namat
2733_AC30.fasta	CP007577.1_tad1_3	Anti_Thoeris	tad1	Antidefense	CP007577.1_2369	CP007577.1_2369	CP007577.1_2369	1	tad1
2733_AC30.fasta	CP007577.1_Adnd_p0020_p0021_1	Anti_Dnd	Adnd_p0020_p0021	Antidefense	CP007577.1_2387	CP007577.1_2387	CP007577.1_2387	1	adnd_p0020
NZ_CP091358.1.fasta	NZ_CP091358.1_NARP1_2	NADP	NARP1	Antidefense	NZ_CP091358.1_2110	NZ_CP091358.1_2111	NZ_CP091358.1_2110,NZ_CP091358.1_2111	2	narp1_adps,narp1_namat
NZ_CP091358.1.fasta	NZ_CP091358.1_tad1_3	Anti_Thoeris	tad1	Antidefense	NZ_CP091358.1_2934	NZ_CP091358.1_2934	NZ_CP091358.1_2934	1	tad1
NZ_CP091358.1.fasta	NZ_CP091358.1_Adnd_p0020_p0021_1	Anti_Dnd	Adnd_p0020_p0021	Antidefense	NZ_CP091358.1_2954	NZ_CP091358.1_2954	NZ_CP091358.1_2954	1	adnd_p0020
NZ_CP043953.1.fasta	NZ_CP043953.1_NARP1_1	NADP	NARP1	Antidefense	NZ_CP043953.1_1751	NZ_CP043953.1_1752	NZ_CP043953.1_1751,NZ_CP043953.1_1752	2	narp1_adps,narp1_namat
NZ_CP066121.1.fasta	NZ_CP066121.1_NARP1_1	NADP	NARP1	Antidefense	NZ_CP066121.1_3204	NZ_CP066121.1_3205	NZ_CP066121.1_3204,NZ_CP066121.1_3205	2	narp1_adps,narp1_namat
NZ_CP088955.1.fasta	NZ_CP088955.1_NARP1_1	NADP	NARP1	Antidefense	NZ_CP088955.1_1743	NZ_CP088955.1_1744	NZ_CP088955.1_1743,NZ_CP088955.1_1744	2	narp1_adps,narp1_namat
2757_MDR_TJ.fasta	NC_017847.1_NARP1_1	NADP	NARP1	Antidefense	NC_017847.1_1782	NC_017847.1_1783	NC_017847.1_1782,NC_017847.1_1783	2	narp1_adps,narp1_namat
NZ_CP071973.1.fasta	NZ_CP071973.1_acb2_2	Anti_CBASS	acb2	Antidefense	NZ_CP071973.1_1168	NZ_CP071973.1_1168	NZ_CP071973.1_1168	1	acb2
NZ_CP071973.1.fasta	NZ_CP071973.1_NARP1_1	NADP	NARP1	Antidefense	NZ_CP071973.1_2627	NZ_CP071973.1_2628	NZ_CP071973.1_2627,NZ_CP071973.1_2628	2	narp1_adps,narp1_namat
NZ_CP091596.1.fasta	NZ_CP091596.1_NARP1_1	NADP	NARP1	Antidefense	NZ_CP091596.1_165	NZ_CP091596.1_166	NZ_CP091596.1_165,NZ_CP091596.1_166	2	narp1_adps,narp1_namat
NZ_CP040903.1.fasta	NZ_CP040903.1_NARP1_1	NADP	NARP1	Antidefense	NZ_CP040903.1_1083	NZ_CP040903.1_1084	NZ_CP040903.1_1083,NZ_CP040903.1_1084	2	narp1_adps,narp1_namat
NZ_CP040903.1.fasta	NZ_CP040903.1_tad1_2	Anti_Thoeris	tad1	Antidefense	NZ_CP040903.1_3571	NZ_CP040903.1_3571	NZ_CP040903.1_3571	1	tad1
NZ_CP033869.1.fasta	NZ_CP033869.1_Adnd_p0020_p0021_1	Anti_Dnd	Adnd_p0020_p0021	Antidefense	NZ_CP033869.1_1681	NZ_CP033869.1_1681	NZ_CP033869.1_1681	1	adnd_p0020
NZ_CP033869.1.fasta	NZ_CP033869.1_tad1_3	Anti_Thoeris	tad1	Antidefense	NZ_CP033869.1_1708	NZ_CP033869.1_1708	NZ_CP033869.1_1708	1	tad1
NZ_CP033869.1.fasta	NZ_CP033869.1_NARP1_2	NADP	NARP1	Antidefense	NZ_CP033869.1_2012	NZ_CP033869.1_2013	NZ_CP033869.1_2012,NZ_CP033869.1_2013	2	narp1_adps,narp1_namat
NC_016603.1.fasta	NC_016603.1_NARP1_1	NADP	NARP1	Antidefense	NC_016603.1_1234	NC_016603.1_1235	NC_016603.1_1234,NC_016603.1_1235	2	narp1_adps,narp1_namat
NZ_CP098791.1.fasta	NZ_CP098791.1_NARP1_1	NADP	NARP1	Antidefense	NZ_CP098791.1_2038	NZ_CP098791.1_2039	NZ_CP098791.1_2038,NZ_CP098791.1_2039	2	narp1_adps,narp1_namat
NZ_CP045528.1.fasta	NZ_CP045528.1_NARP1_2	NADP	NARP1	Antidefense	NZ_CP045528.1_536	NZ_CP045528.1_537	NZ_CP045528.1_536,NZ_CP045528.1_537	2	narp1_adps,narp1_namat
NZ_CP045528.1.fasta	NZ_CP045528.1_tad1_3	Anti_Thoeris	tad1	Antidefense	NZ_CP045528.1_1409	NZ_CP045528.1_1409	NZ_CP045528.1_1409	1	tad1
NZ_CP045528.1.fasta	NZ_CP045528.1_Adnd_p0020_p0021_1	Anti_Dnd	Adnd_p0020_p0021	Antidefense	NZ_CP045528.1_1427	NZ_CP045528.1_1427	NZ_CP045528.1_1427	1	adnd_p0020
NZ_CP031716.1.fasta	NZ_CP031716.1_NARP1_1	NADP	NARP1	Antidefense	NZ_CP031716.1_2723	NZ_CP031716.1_2724	NZ_CP031716.1_2723,NZ_CP031716.1_2724	2	narp1_adps,narp1_namat
2756_AC29.fasta	CP007535.1_tad1_3	Anti_Thoeris	tad1	Antidefense	CP007535.1_15	CP007535.1_15	CP007535.1_15	1	tad1
2756_AC29.fasta	CP007535.1_Adnd_p0020_p0021_1	Anti_Dnd	Adnd_p0020_p0021	Antidefense	CP007535.1_2333	CP007535.1_2333	CP007535.1_2333	1	adnd_p0020
2756_AC29.fasta	CP007535.1_NARP1_2	NADP	NARP1	Antidefense	CP007535.1_3100	CP007535.1_3101	CP007535.1_3100,CP007535.1_3101	2	narp1_adps,narp1_namat
2766_PKAB07.fas	CP006963.1_Adnd_p0020_p0021_1	Anti_Dnd	Adnd_p0020_p0021	Antidefense	CP006963.1_886	CP006963.1_886	CP006963.1_886	1	adnd_p0020
2766_PKAB07.fas	CP006963.1_tad1_3	Anti_Thoeris	tad1	Antidefense	CP006963.1_904	CP006963.1_904	CP006963.1_904	1	tad1
2766_PKAB07.fas	CP006963.1_NARP1_2	NADP	NARP1	Antidefense	CP006963.1_1954	CP006963.1_1955	CP006963.1_1954,CP006963.1_1955	2	narp1_adps,narp1_namat
NZ_CP104347.1.fasta	NZ_CP104347.1_NARP1_2	NADP	NARP1	Antidefense	NZ_CP104347.1_1755	NZ_CP104347.1_1756	NZ_CP104347.1_1755,NZ_CP104347.1_1756	2	narp1_adps,narp1_namat
NZ_CP104347.1.fasta	NZ_CP104347.1_tad1_3	Anti_Thoeris	tad1	Antidefense	NZ_CP104347.1_2108	NZ_CP104347.1_2108	NZ_CP104347.1_2108	1	tad1
NZ_CP104347.1.fasta	NZ_CP104347.1_Adnd_p0020_p0021_1	Anti_Dnd	Adnd_p0020_p0021	Antidefense	NZ_CP104347.1_2132	NZ_CP104347.1_2132	NZ_CP104347.1_2132	1	adnd_p0020
NZ_CP139248.1.fasta	NZ_CP139248.1_Adnd_p0020_p0021_1	Anti_Dnd	Adnd_p0020_p0021	Antidefense	NZ_CP139248.1_774	NZ_CP139248.1_774	NZ_CP139248.1_774	1	adnd_p0020
NZ_CP139248.1.fasta	NZ_CP139248.1_tad1_3	Anti_Thoeris	tad1	Antidefense	NZ_CP139248.1_799	NZ_CP139248.1_799	NZ_CP139248.1_799	1	tad1
NZ_CP139248.1.fasta	NZ_CP139248.1_NARP1_2	NADP	NARP1	Antidefense	NZ_CP139248.1_1035	NZ_CP139248.1_1036	NZ_CP139248.1_1035,NZ_CP139248.1_1036	2	narp1_adps,narp1_namat
NZ_CP091172.1.fasta	NZ_CP091172.1_NARP1_1	NADP	NARP1	Antidefense	NZ_CP091172.1_2071	NZ_CP091172.1_2072	NZ_CP091172.1_2071,NZ_CP091172.1_2072	2	narp1_adps,narp1_namat
2760_TYTH_1.fas	NC_018706.1_Adnd_p0020_p0021_1	Anti_Dnd	Adnd_p0020_p0021	Antidefense	NC_018706.1_1137	NC_018706.1_1137	NC_018706.1_1137	1	adnd_p0020
2760_TYTH_1.fas	NC_018706.1_tad1_3	Anti_Thoeris	tad1	Antidefense	NC_018706.1_1155	NC_018706.1_1155	NC_018706.1_1155	1	tad1
2760_TYTH_1.fas	NC_018706.1_NARP1_2	NADP	NARP1	Antidefense	NC_018706.1_2222	NC_018706.1_2223	NC_018706.1_2222,NC_018706.1_2223	2	narp1_adps,narp1_namat
NZ_CP121345.1.fasta	NZ_CP121345.1_NARP1_2	NADP	NARP1	Antidefense	NZ_CP121345.1_1933	NZ_CP121345.1_1934	NZ_CP121345.1_1933,NZ_CP121345.1_1934	2	narp1_adps,narp1_namat
NZ_CP121345.1.fasta	NZ_CP121345.1_tad1_3	Anti_Thoeris	tad1	Antidefense	NZ_CP121345.1_3073	NZ_CP121345.1_3073	NZ_CP121345.1_3073	1	tad1
NZ_CP121345.1.fasta	NZ_CP121345.1_Adnd_p0020_p0021_1	Anti_Dnd	Adnd_p0020_p0021	Antidefense	NZ_CP121345.1_3091	NZ_CP121345.1_3091	NZ_CP121345.1_3091	1	adnd_p0020
2763_ACICU.fas	NC_010611.1_NARP1_2	NADP	NARP1	Antidefense	NC_010611.1_1865	NC_010611.1_1866	NC_010611.1_1865,NC_010611.1_1866	2	narp1_adps,narp1_namat
2763_ACICU.fas	NC_010611.1_tad1_3	Anti_Thoeris	tad1	Antidefense	NC_010611.1_2188	NC_010611.1_2188	NC_010611.1_2188	1	tad1
2763_ACICU.fas	NC_010611.1_Adnd_p0020_p0021_1	Anti_Dnd	Adnd_p0020_p0021	Antidefense	NC_010611.1_2206	NC_010611.1_2206	NC_010611.1_2206	1	adnd_p0020
NZ_CP018259.1.fasta	NZ_CP018259.1_NARP1_1	NADP	NARP1	Antidefense	NZ_CP018259.1_887	NZ_CP018259.1_888	NZ_CP018259.1_887,NZ_CP018259.1_888	2	narp1_adps,narp1_namat
NZ_CP038816.1.fasta	NZ_CP038816.1_NARP1_1	NADP	NARP1	Antidefense	NZ_CP038816.1_1638	NZ_CP038816.1_1639	NZ_CP038816.1_1638,NZ_CP038816.1_1639	2	narp1_adps,narp1_namat
NZ_CP077398.1.fasta	NZ_CP077398.1_Adnd_p0020_p0021_1	Anti_Dnd	Adnd_p0020_p0021	Antidefense	NZ_CP077398.1_922	NZ_CP077398.1_922	NZ_CP077398.1_922	1	adnd_p0020
NZ_CP077398.1.fasta	NZ_CP077398.1_tad1_3	Anti_Thoeris	tad1	Antidefense	NZ_CP077398.1_940	NZ_CP077398.1_940	NZ_CP077398.1_940	1	tad1
NZ_CP077398.1.fasta	NZ_CP077398.1_NARP1_2	NADP	NARP1	Antidefense	NZ_CP077398.1_1209	NZ_CP077398.1_1210	NZ_CP077398.1_1209,NZ_CP077398.1_1210	2	narp1_adps,narp1_namat
NZ_CP041035.1.fasta	NZ_CP041035.1_NARP1_2	NADP	NARP1	Antidefense	NZ_CP041035.1_1934	NZ_CP041035.1_1935	NZ_CP041035.1_1934,NZ_CP041035.1_1935	2	narp1_adps,narp1_namat
NZ_CP041035.1.fasta	NZ_CP041035.1_tad1_3	Anti_Thoeris	tad1	Antidefense	NZ_CP041035.1_3008	NZ_CP041035.1_3008	NZ_CP041035.1_3008	1	tad1
NZ_CP041035.1.fasta	NZ_CP041035.1_Adnd_p0020_p0021_1	Anti_Dnd	Adnd_p0020_p0021	Antidefense	NZ_CP041035.1_3027	NZ_CP041035.1_3027	NZ_CP041035.1_3027	1	adnd_p0020
NZ_CP123765.1.fasta	NZ_CP123765.1_tad1_1	Anti_Thoeris	tad1	Antidefense	NZ_CP123765.1_1590	NZ_CP123765.1_1590	NZ_CP123765.1_1590	1	tad1
